https://www.hermes.com/jp/ja/product/バッグ-《ピコタン・ロック》-18-H056289CC2Z/,
https://www.hermes.com/jp/ja/product/バッグ-《ピコタン・ロック》-18-H056289CC0M/,
https://www.hermes.com/jp/ja/product/バッグ-《ピコタン・ロック》-18-H056289CC4B/,
https://www.hermes.com/jp/ja/product/バッグ-《ピコタン・ロック》-18-H056289CC37/,
https://www.hermes.com/jp/ja/product/バッグ-《ピコタン・ロック》-18-H069560CCBI/,
https://www.hermes.com/jp/ja/product/バッグ-《ピコタン・ロック》-18-H056289CC18/,
https://www.hermes.com/jp/ja/product/チャーム-《ロデオ》-ペガサス-pm-H083010CAAO/,
https://www.hermes.com/jp/ja/product/チャーム-《ロデオ》-ペガサス-pm-H083289CAAJ/,
https://www.hermes.com/jp/ja/product/バッグ-《ピコタン・ロック》-18-H056289CC10/,
https://www.hermes.com/jp/ja/product/バッグ-《ピコタン・ロック》-18-H056289CC89/,
https://www.hermes.com/jp/ja/product/バッグ-《ピコタン・ロック》-18-H056289CK3Q/,
https://www.hermes.com/jp/ja/product/バッグ-《リンディ》-ミニ-H079086CC37/,
https://www.hermes.com/jp/ja/product/バッグ-《リンディ》-ミニ-H079086CC89/,
https://www.hermes.com/jp/ja/product/バッグ-《リンディ》-ミニ-H079086CC18/,
https://www.hermes.com/jp/ja/product/バッグ-《リンディ》-ミニ-H079086CCI2/,
https://www.hermes.com/jp/ja/product/バッグ-《リンディ》-ミニ-H079086CKX9/,
https://www.hermes.com/jp/ja/product/バッグ-《リンディ》-ミニ-H079086CCI2/,
https://www.hermes.com/jp/ja/product/バッグ-《リンディ》-ミニ-H079086CK18/,
https://www.hermes.com/jp/ja/product/バッグ-《リンディ》-ミニ-H079086CK37/,
https://www.hermes.com/jp/ja/product/バッグ-《リンディ》-ミニ-H079086CK89/,
https://www.hermes.com/jp/ja/product/バッグ-《リンディ》-ミニ-H083720CKAD/,
https://www.hermes.com/jp/ja/product/バッグ-《リンディ》-ミニ-H083720CKAC/,
https://www.hermes.com/jp/ja/product/バッグ-《ボリード1923》-ミニ-H073444CKX9/,
https://www.hermes.com/jp/ja/product/バッグ-《ボリード1923》-ミニ-H073444CK10/,
https://www.hermes.com/jp/ja/product/バッグ-《ボリード1923》-ミニ-H073444CK0M/,
https://www.hermes.com/jp/ja/product/バッグ-《ピコタン・ロック》-18-H056289CC73/,
https://www.hermes.com/jp/ja/product/バッグ-《ボリード1923》-ミニ-H073444CCS2/,
https://www.hermes.com/jp/ja/product/バッグ-《ボリード1923》-ミニ-H073444CC10/,
https://www.hermes.com/jp/ja/product/バッグ-《ボリード1923》-ミニ-H073444CC0M/,
https://www.hermes.com/jp/ja/product/バッグ-《ボリード1923》-ミニ-H073444CCS2/,