https://www.hermes.com/jp/ja/product/バッグ-《ピコタン・ロック》-18-H056289CC3Y/,
https://www.hermes.com/jp/ja/product/バッグ-《ピコタン・ロック》-18-H056289CC8L/,
https://www.hermes.com/jp/ja/product/バッグ-《ピコタン・ロック》-18-H056289CC2Z/,
https://www.hermes.com/jp/ja/product/バッグ-《ピコタン・ロック》-18-H056289CC5E/,
https://www.hermes.com/jp/ja/product/バッグ-《ピコタン・ロック》-18-H056289CCD0/,
https://www.hermes.com/jp/ja/product/バッグ-《ピコタン・ロック》-18-H056289CC37/,
https://www.hermes.com/jp/ja/product/バッグ-《ピコタン・ロック》-18-H056289CCAD/,
https://www.hermes.com/jp/ja/product/バッグ-《ピコタン・ロック》-18-H056289CCBK/,
https://www.hermes.com/jp/ja/product/バッグ-《ピコタン・ロック》-18-H056289CCI2/,
https://www.hermes.com/jp/ja/product/バッグ-《ピコタン・ロック》-18-H056289CCBI/,
https://www.hermes.com/jp/ja/product/バッグ-《ピコタン・ロック》-18-H056289CC10/,
https://www.hermes.com/jp/ja/product/バッグ-《ピコタン・ロック》-18-H056289CC0G/,
https://www.hermes.com/jp/ja/product/バッグ-《ピコタン・ロック》-18-H056289CC8F/,
https://www.hermes.com/jp/ja/product/バッグ-《ピコタン・ロック》-18-H056289CC08/,
https://www.hermes.com/jp/ja/product/バッグ-《ピコタン・ロック》-18-H056289CC6C/,
https://www.hermes.com/jp/ja/product/バッグ-《ピコタン・ロック》-18-H056289CC6O/,
https://www.hermes.com/jp/ja/product/バッグ-《ピコタン・ロック》-18-H056289CC18/,
https://www.hermes.com/jp/ja/product/バッグ-《ピコタン・ロック》-18-H056289CC0M/,
https://www.hermes.com/jp/ja/product/バッグ-《ピコタン・ロック》-18-H056289CCP9/,
https://www.hermes.com/jp/ja/product/バッグ-《ピコタン・ロック》-18-H056289CCAM/,
https://www.hermes.com/jp/ja/product/バッグ-《ピコタン・ロック》-18-H056289CCAW/,
https://www.hermes.com/jp/ja/product/バッグ-《ピコタン・ロック》-18-H056289CCAB/,
https://www.hermes.com/jp/ja/product/バッグ-《ピコタン・ロック》-18-H056289CC71/,
https://www.hermes.com/jp/ja/product/バッグ-《ピコタン・ロック》-18-H056289CC4B/,
https://www.hermes.com/jp/ja/product/バッグ-《ピコタン・ロック》-18-H056289CC73/,
https://www.hermes.com/jp/ja/product/バッグ-《ピコタン・ロック》-18-H056289CC9J/,
https://www.hermes.com/jp/ja/product/バッグ-《ピコタン・ロック》-18-H056289CC46/,
https://www.hermes.com/jp/ja/product/バッグ-《ピコタン・ロック》-18-H056289CCAI/,
https://www.hermes.com/jp/ja/product/バッグ-《ピコタン・ロック》-18-H056289CKAA/,
https://www.hermes.com/jp/ja/product/バッグ-《ピコタン・ロック》-18-H056289CKAD/,
https://www.hermes.com/jp/ja/product/バッグ-《ピコタン・ロック》-18-H056289CKAM/,
https://www.hermes.com/jp/ja/product/バッグ-《ピコタン・ロック》-18-H056289CK08/,
https://www.hermes.com/jp/ja/product/バッグ-《ピコタン・ロック》-18-H056289CK73/,
https://www.hermes.com/jp/ja/product/バッグ-《ピコタン・ロック》-18-H056289CK3Q/,
https://www.hermes.com/jp/ja/product/バッグ-《ピコタン・ロック》-18-H056289CK16/,
https://www.hermes.com/jp/ja/product/バッグ-《ピコタン・ロック》-18-H056289CKW0/,
https://www.hermes.com/jp/ja/product/バッグ-《ピコタン・ロック》-18-H056289CK8F/,
https://www.hermes.com/jp/ja/product/バッグ-《ピコタン・ロック》-18-H056289CKAH/,
https://www.hermes.com/jp/ja/product/バッグ-《ピコタン・ロック》-18-H056289CKP9/,
https://www.hermes.com/jp/ja/product/バッグ-《ピコタン・ロック》-18-H056289CK46/,
https://www.hermes.com/jp/ja/product/バッグ-《ピコタン・ロック》-18-H056289CKAI/,
https://www.hermes.com/jp/ja/product/バッグ-《ピコタン・ロック》-18-H056289CKZ6/,
https://www.hermes.com/jp/ja/product/バッグ-《ピコタン・ロック》-18-H056289CK9J/,
https://www.hermes.com/jp/ja/product/バッグ-《ピコタン・ロック》-18-H056289CKX9/,
https://www.hermes.com/jp/ja/product/バッグ-《ピコタン・ロック》-18-H056289CK6O/,
https://www.hermes.com/jp/ja/product/バッグ-《ピコタン・ロック》-18-H056289CKO8/,
https://www.hermes.com/jp/ja/product/バッグ-《ピコタン・ロック》-18-H056289CK4B/,
https://www.hermes.com/jp/ja/product/バッグ-《ピコタン・ロック》-18-H056289CK18/,
https://www.hermes.com/jp/ja/product/バッグ-《ピコタン・ロック》-18-H056289CKS2/,
https://www.hermes.com/jp/ja/product/バッグ-《ピコタン・ロック》-18-H056289CK71/,
https://www.hermes.com/jp/ja/product/バッグ-《ピコタン・ロック》-18-H056289CKAB/,
https://www.hermes.com/jp/ja/product/バッグ-《ピコタン・ロック》-18-H056289CK0G/,
https://www.hermes.com/jp/ja/product/バッグ-《ピコタン・ロック》-18-H056289CKAJ/,
https://www.hermes.com/jp/ja/product/バッグ-《ピコタン・ロック》-18-H056289CKI2/,
https://www.hermes.com/jp/ja/product/バッグ-《ピコタン・ロック》-18-H056289CK2Z/,
https://www.hermes.com/jp/ja/product/バッグ-《ピコタン・ロック》-18-H056289CKO6/,
https://www.hermes.com/jp/ja/product/バッグ-《ピコタン・ロック》-18-H056289CKP3/,
https://www.hermes.com/jp/ja/product/バッグ-《ピコタン・ロック》-18-H056289CK89/,
https://www.hermes.com/jp/ja/product/バッグ-《ピコタン・ロック》-18-H056289CK0E/,
https://www.hermes.com/jp/ja/product/バッグ-《ピコタン・ロック》-18-H056289CKN5/,
https://www.hermes.com/jp/ja/product/バッグ-《ピコタン・ロック》-18-H056289CC89/,
https://www.hermes.com/jp/ja/product/バッグ-《ピコタン・ロック》-18-H056289CKE5/,
https://www.hermes.com/jp/ja/product/バッグ-《ピコタン・ロック》-18-H056289CK5C/,
https://www.hermes.com/jp/ja/product/バッグ-《ピコタン・ロック》-18-H056289CK3I/,
https://www.hermes.com/jp/ja/product/バッグ-《ピコタン・ロック》-18-H056289CKAX/,
https://www.hermes.com/jp/ja/product/バッグ-《ピコタン・ロック》-18-H056289CKAE/,
https://www.hermes.com/jp/ja/product/バッグ-《ピコタン・ロック》-18-H056289CKAW/,
https://www.hermes.com/jp/ja/product/バッグ-《ピコタン・ロック》-18-H056289CKD0/,
https://www.hermes.com/jp/ja/product/バッグ-《ピコタン・ロック》-18-H056289CKY7/,
https://www.hermes.com/jp/ja/product/バッグ-《ピコタン・ロック》-18-H056289CKS4/,
https://www.hermes.com/jp/ja/product/バッグ-《ピコタン・ロック》-18-H056289CKS3/,
https://www.hermes.com/jp/ja/product/バッグ-《ピコタン・ロック》-18-H056289CK6W/,
https://www.hermes.com/jp/ja/product/バッグ-《ピコタン・ロック》-18-H056289CK0M/,
https://www.hermes.com/jp/ja/product/バッグ-《ピコタン・ロック》-18-H056289CK35/,
https://www.hermes.com/jp/ja/product/バッグ-《ピコタン・ロック》-18-H056289CK1K/,
https://www.hermes.com/jp/ja/product/バッグ-《ピコタン・ロック》-18-H056289CK5R/,
https://www.hermes.com/jp/ja/product/バッグ-《ピコタン・ロック》-18-H056289CKI7/,
https://www.hermes.com/jp/ja/product/バッグ-《ピコタン・ロック》-18-H056289CK6C/,
https://www.hermes.com/jp/ja/product/バッグ-《ピコタン・ロック》-18-H056289CK37/,
https://www.hermes.com/jp/ja/product/バッグ-《ピコタン・ロック》-18-H056289CK74/,
https://www.hermes.com/jp/ja/product/バッグ-《ピコタン・ロック》-18-H056289CKAP/,
https://www.hermes.com/jp/ja/product/バッグ-《ピコタン・ロック》-18-H056289CK3S/,
https://www.hermes.com/jp/ja/product/バッグ-《ピコタン・ロック》-18-H056289CKAF/,
https://www.hermes.com/jp/ja/product/バッグ-《ピコタン・ロック》-18-H056289CKAO/,
https://www.hermes.com/jp/ja/product/バッグ-《ピコタン・ロック》-18-H056289CK9O/,
https://www.hermes.com/jp/ja/product/バッグ-《ピコタン・ロック》-18-H056289CK8L/,
https://www.hermes.com/jp/ja/product/バッグ-《ピコタン・ロック》-18-H056289CKAC/,
https://www.hermes.com/jp/ja/product/バッグ-《ピコタン・ロック》-18-H056289CKAG/,
https://www.hermes.com/jp/ja/product/バッグ-《ピコタン・ロック》-18-H056289CK3Y/,
https://www.hermes.com/jp/ja/product/バッグ-《ピコタン・ロック》-18-H056289CK0L/,
https://www.hermes.com/jp/ja/product/バッグ-《ピコタン・ロック》-18-H056289CKAK/,
https://www.hermes.com/jp/ja/product/バッグ-《ピコタン・ロック》-18-H056289CK10/,
https://www.hermes.com/jp/ja/product/バッグ-《ピコタン・ロック》-18-H056289CKBI/,
https://www.hermes.com/jp/ja/product/バッグ-《ピコタン・ロック》-18-H056289CKBL/,
https://www.hermes.com/jp/ja/product/バッグ-《ピコタン・ロック》-18-H056289CK80/,
https://www.hermes.com/jp/ja/product/バッグ-《ピコタン・ロック》-18-H056289CKBK/,
https://www.hermes.com/jp/ja/product/バッグ-《ピコタン・ロック》-18-H056289CCS2/,
https://www.hermes.com/jp/ja/product/バッグ-《ピコタン・ロック》-18-H056289CK9R/,
https://www.hermes.com/jp/ja/product/バッグ-《ピコタン・ロック》-22-H075209CKAD/,
https://www.hermes.com/jp/ja/product/バッグ-《ピコタン・ロック》-18-H056289CK5E/,
https://www.hermes.com/jp/ja/product/バッグ-《ピコタン・ロック》-22-H075209CKAO/,
https://www.hermes.com/jp/ja/product/バッグ-《ピコタン・ロック》-22-H075209CKAF/,
https://www.hermes.com/jp/ja/product/バッグ-《ピコタン・ロック》-22-H075209CKAP/,
https://www.hermes.com/jp/ja/product/バッグ-《ピコタン・ロック》-22-H075209CKAH/,
https://www.hermes.com/jp/ja/product/バッグ-《ピコタン・ロック》-22-H075209CKAK/,
https://www.hermes.com/jp/ja/product/バッグ-《ピコタン・ロック》-22-H075209CKAE/,
https://www.hermes.com/jp/ja/product/バッグ-《ピコタン・ロック》-22-H075209CKAJ/,
https://www.hermes.com/jp/ja/product/バッグ-《ピコタン・ロック》-22-H075209CKE5/,
https://www.hermes.com/jp/ja/product/バッグ-《ピコタン・ロック》-22-H075209CK5C/,
https://www.hermes.com/jp/ja/product/バッグ-《ピコタン・ロック》-22-H075209CK35/,
https://www.hermes.com/jp/ja/product/バッグ-《ピコタン・ロック》-22-H075209CKAB/,
https://www.hermes.com/jp/ja/product/バッグ-《ピコタン・ロック》-22-H075209CKAF/,
https://www.hermes.com/jp/ja/product/バッグ-《ピコタン・ロック》-22-H075209CKAA/,
https://www.hermes.com/jp/ja/product/バッグ-《ピコタン・ロック》-22-H075209CKAF/,
https://www.hermes.com/jp/ja/product/バッグ-《ピコタン・ロック》-22-H075209CKAG/,
https://www.hermes.com/jp/ja/product/バッグ-《ピコタン・ロック》-18-ポケット-H083189CCAJ/,
https://www.hermes.com/jp/ja/product/バッグ-《ピコタン・ロック》-18-ポケット-H083189CCAL/,
https://www.hermes.com/jp/ja/product/バッグ-《ピコタン・ロック》-18-ポケット-H083189CCAC/,
https://www.hermes.com/jp/ja/product/バッグ-《ピコタン・ロック》-18-ポケット-H083189CCAE/,
https://www.hermes.com/jp/ja/product/バッグ-《ピコタン・ロック》-18-ポケット-H083189CCAA/,
https://www.hermes.com/jp/ja/product/バッグ-《ピコタン・ロック》-18-ポケット-H083189CCAD/,
https://www.hermes.com/jp/ja/product/バッグ-《ピコタン・ロック》-18-ポケット-H083189CKAJ/,
https://www.hermes.com/jp/ja/product/バッグ-《ピコタン・ロック》-18-ポケット-H083189CKAL/,
https://www.hermes.com/jp/ja/product/バッグ-《ピコタン・ロック》-18-ポケット-H083189CKAC/,
https://www.hermes.com/jp/ja/product/バッグ-《ピコタン・ロック》-18-ポケット-H083189CKAE/,
https://www.hermes.com/jp/ja/product/バッグ-《ピコタン・ロック》-18-ポケット-H083189CKAA/,
https://www.hermes.com/jp/ja/product/バッグ-《ピコタン・ロック》-18-ポケット-H083189CKAD/,
https://www.hermes.com/jp/ja/product/バッグ-《ピコタン・ロック》-22-H060991CC8L/,
https://www.hermes.com/jp/ja/product/バッグ-《ピコタン・ロック》-22-H060991CC3Y/,
https://www.hermes.com/jp/ja/product/バッグ-《ピコタン・ロック》-22-H060991CC2Z/,
https://www.hermes.com/jp/ja/product/バッグ-《ピコタン・ロック》-22-H060991CCD0/,
https://www.hermes.com/jp/ja/product/バッグ-《ピコタン・ロック》-22-H060991CC5E/,
https://www.hermes.com/jp/ja/product/バッグ-《ピコタン・ロック》-22-H060991CC37/,
https://www.hermes.com/jp/ja/product/バッグ-《ピコタン・ロック》-22-H060991CCAD/,
https://www.hermes.com/jp/ja/product/バッグ-《ピコタン・ロック》-22-H060991CCBK/,
https://www.hermes.com/jp/ja/product/バッグ-《ピコタン・ロック》-22-H060991CCI2/,
https://www.hermes.com/jp/ja/product/バッグ-《ピコタン・ロック》-22-H060991CCBI/,
https://www.hermes.com/jp/ja/product/バッグ-《ピコタン・ロック》-22-H060991CC10/,
https://www.hermes.com/jp/ja/product/バッグ-《ピコタン・ロック》-22-H060991CC89/,
https://www.hermes.com/jp/ja/product/バッグ-《ピコタン・ロック》-22-H060991CC0G/,
https://www.hermes.com/jp/ja/product/バッグ-《ピコタン・ロック》-22-H060991CCS2/,
https://www.hermes.com/jp/ja/product/バッグ-《ピコタン・ロック》-22-H060991CC8F/,
https://www.hermes.com/jp/ja/product/バッグ-《ピコタン・ロック》-22-H060991CC08/,
https://www.hermes.com/jp/ja/product/バッグ-《ピコタン・ロック》-22-H060991CC6C/,
https://www.hermes.com/jp/ja/product/バッグ-《ピコタン・ロック》-22-H060991CC6O/,
https://www.hermes.com/jp/ja/product/バッグ-《ピコタン・ロック》-22-H060991CC18/,
https://www.hermes.com/jp/ja/product/バッグ-《ピコタン・ロック》-22-H060991CC0M/,
https://www.hermes.com/jp/ja/product/バッグ-《ピコタン・ロック》-22-H060991CCP9/,
https://www.hermes.com/jp/ja/product/バッグ-《ピコタン・ロック》-22-H060991CC6W/,
https://www.hermes.com/jp/ja/product/バッグ-《ピコタン・ロック》-22-H060991CCAM/,
https://www.hermes.com/jp/ja/product/バッグ-《ピコタン・ロック》-22-H060991CCAW/,
https://www.hermes.com/jp/ja/product/バッグ-《ピコタン・ロック》-22-H060991CCAB/,
https://www.hermes.com/jp/ja/product/バッグ-《ピコタン・ロック》-22-H060991CC71/,
https://www.hermes.com/jp/ja/product/バッグ-《ピコタン・ロック》-22-H060991CC4B/,
https://www.hermes.com/jp/ja/product/バッグ-《ピコタン・ロック》-22-H060991CC73/,
https://www.hermes.com/jp/ja/product/バッグ-《ピコタン・ロック》-22-H060991CC9J/,
https://www.hermes.com/jp/ja/product/バッグ-《ピコタン・ロック》-22-H060991CC46/,
https://www.hermes.com/jp/ja/product/バッグ-《ピコタン・ロック》-22-H060991CCAI/,
https://www.hermes.com/jp/ja/product/バッグ-《ピコタン・ロック》-22-H060991CKAA/,
https://www.hermes.com/jp/ja/product/バッグ-《ピコタン・ロック》-22-H060991CKAD/,
https://www.hermes.com/jp/ja/product/バッグ-《ピコタン・ロック》-22-H060991CKAM/,
https://www.hermes.com/jp/ja/product/バッグ-《ピコタン・ロック》-22-H060991CK08/,
https://www.hermes.com/jp/ja/product/バッグ-《ピコタン・ロック》-22-H060991CK3Q/,
https://www.hermes.com/jp/ja/product/バッグ-《ピコタン・ロック》-22-H060991CK73/,
https://www.hermes.com/jp/ja/product/バッグ-《ピコタン・ロック》-22-H060991CK16/,
https://www.hermes.com/jp/ja/product/バッグ-《ピコタン・ロック》-22-H060991CK8F/,
https://www.hermes.com/jp/ja/product/バッグ-《ピコタン・ロック》-22-H060991CKW0/,
https://www.hermes.com/jp/ja/product/バッグ-《ピコタン・ロック》-22-H060991CKAH/,
https://www.hermes.com/jp/ja/product/バッグ-《ピコタン・ロック》-22-H060991CKP9/,
https://www.hermes.com/jp/ja/product/バッグ-《ピコタン・ロック》-22-H060991CKAI/,
https://www.hermes.com/jp/ja/product/バッグ-《ピコタン・ロック》-22-H060991CK46/,
https://www.hermes.com/jp/ja/product/バッグ-《ピコタン・ロック》-22-H060991CKZ6/,
https://www.hermes.com/jp/ja/product/バッグ-《ピコタン・ロック》-22-H060991CK9J/,
https://www.hermes.com/jp/ja/product/バッグ-《ピコタン・ロック》-22-H060991CKX9/,
https://www.hermes.com/jp/ja/product/バッグ-《ピコタン・ロック》-22-H060991CK6O/,
https://www.hermes.com/jp/ja/product/バッグ-《ピコタン・ロック》-22-H075209CKAM/,
https://www.hermes.com/jp/ja/product/バッグ-《ピコタン・ロック》-18-H056289CC6W/,
https://www.hermes.com/jp/ja/product/バッグ-《ピコタン・ロック》-22-H060991CKO8/,
https://www.hermes.com/jp/ja/product/バッグ-《ピコタン・ロック》-22-H060991CK4B/,
https://www.hermes.com/jp/ja/product/バッグ-《ピコタン・ロック》-22-H060991CK18/,
https://www.hermes.com/jp/ja/product/バッグ-《ピコタン・ロック》-22-H060991CKS2/,
https://www.hermes.com/jp/ja/product/バッグ-《ピコタン・ロック》-22-H060991CK71/,
https://www.hermes.com/jp/ja/product/バッグ-《ピコタン・ロック》-22-H060991CK0G/,
https://www.hermes.com/jp/ja/product/バッグ-《ピコタン・ロック》-22-H060991CKAJ/,
https://www.hermes.com/jp/ja/product/バッグ-《ピコタン・ロック》-22-H060991CKAB/,
https://www.hermes.com/jp/ja/product/バッグ-《ピコタン・ロック》-22-H060991CKI2/,
https://www.hermes.com/jp/ja/product/バッグ-《ピコタン・ロック》-22-H060991CK2Z/,
https://www.hermes.com/jp/ja/product/バッグ-《ピコタン・ロック》-22-H060991CKO6/,
https://www.hermes.com/jp/ja/product/バッグ-《ピコタン・ロック》-22-H060991CKP3/,
https://www.hermes.com/jp/ja/product/バッグ-《ピコタン・ロック》-22-H060991CK89/,
https://www.hermes.com/jp/ja/product/バッグ-《ピコタン・ロック》-22-H060991CK0E/,
https://www.hermes.com/jp/ja/product/バッグ-《ピコタン・ロック》-22-H060991CKE5/,
https://www.hermes.com/jp/ja/product/バッグ-《ピコタン・ロック》-22-H060991CK5C/,
https://www.hermes.com/jp/ja/product/バッグ-《ピコタン・ロック》-22-H060991CKN5/,
https://www.hermes.com/jp/ja/product/バッグ-《ピコタン・ロック》-22-H060991CK3I/,
https://www.hermes.com/jp/ja/product/バッグ-《ピコタン・ロック》-22-H060991CKAX/,
https://www.hermes.com/jp/ja/product/バッグ-《ピコタン・ロック》-22-H060991CKAE/,
https://www.hermes.com/jp/ja/product/バッグ-《ピコタン・ロック》-22-H060991CKAW/,
https://www.hermes.com/jp/ja/product/バッグ-《ピコタン・ロック》-22-H060991CKD0/,
https://www.hermes.com/jp/ja/product/バッグ-《ピコタン・ロック》-22-H060991CKY7/,
https://www.hermes.com/jp/ja/product/バッグ-《ピコタン・ロック》-22-H060991CKS4/,
https://www.hermes.com/jp/ja/product/バッグ-《ピコタン・ロック》-22-H060991CK6W/,
https://www.hermes.com/jp/ja/product/バッグ-《ピコタン・ロック》-22-H060991CKS3/,
https://www.hermes.com/jp/ja/product/バッグ-《ピコタン・ロック》-22-H060991CK0M/,
https://www.hermes.com/jp/ja/product/バッグ-《ピコタン・ロック》-22-H060991CK35/,
https://www.hermes.com/jp/ja/product/バッグ-《ピコタン・ロック》-22-H060991CK1K/,
https://www.hermes.com/jp/ja/product/バッグ-《ピコタン・ロック》-22-H060991CK5R/,
https://www.hermes.com/jp/ja/product/バッグ-《ピコタン・ロック》-22-H060991CKI7/,
https://www.hermes.com/jp/ja/product/バッグ-《ピコタン・ロック》-22-H060991CK6C/,
https://www.hermes.com/jp/ja/product/バッグ-《ピコタン・ロック》-22-H060991CKAF/,
https://www.hermes.com/jp/ja/product/バッグ-《ピコタン・ロック》-22-H060991CK37/,
https://www.hermes.com/jp/ja/product/バッグ-《ピコタン・ロック》-22-H060991CK74/,
https://www.hermes.com/jp/ja/product/バッグ-《ピコタン・ロック》-22-H060991CKAP/,
https://www.hermes.com/jp/ja/product/バッグ-《ピコタン・ロック》-22-H060991CK3S/,
https://www.hermes.com/jp/ja/product/バッグ-《ピコタン・ロック》-22-H060991CKAO/,
https://www.hermes.com/jp/ja/product/バッグ-《ピコタン・ロック》-22-H060991CK9O/,
https://www.hermes.com/jp/ja/product/バッグ-《ピコタン・ロック》-22-H060991CKAG/,
https://www.hermes.com/jp/ja/product/バッグ-《ピコタン・ロック》-22-H060991CK8L/,
https://www.hermes.com/jp/ja/product/バッグ-《ピコタン・ロック》-22-H060991CKAC/,
https://www.hermes.com/jp/ja/product/バッグ-《ピコタン・ロック》-22-H060991CK3Y/,
https://www.hermes.com/jp/ja/product/バッグ-《ピコタン・ロック》-22-H060991CK0L/,
https://www.hermes.com/jp/ja/product/バッグ-《ピコタン・ロック》-22-H060991CKBL/,
https://www.hermes.com/jp/ja/product/バッグ-《ピコタン・ロック》-22-H060991CKAK/,
https://www.hermes.com/jp/ja/product/バッグ-《ピコタン・ロック》-22-H060991CK10/,
https://www.hermes.com/jp/ja/product/バッグ-《ピコタン・ロック》-22-H060991CKBI/,
https://www.hermes.com/jp/ja/product/バッグ-《ピコタン・ロック》-22-H060991CK80/,
https://www.hermes.com/jp/ja/product/バッグ-《ピコタン・ロック》-22-H060991CKBK/,
https://www.hermes.com/jp/ja/product/バッグ-《ピコタン・ロック》-22-H060991CK5E/,
https://www.hermes.com/jp/ja/product/バッグ-《ピコタン・ロック》-22-H060991CK9R/,
https://www.hermes.com/jp/ja/product/バッグ-《ピコタン・ロック》-18-《ラッキー・デイジー》-H083546CKAB/,
https://www.hermes.com/jp/ja/product/バッグ-《ピコタン・ロック》-18-《ラッキー・デイジー》-H083546CKAD/,
https://www.hermes.com/jp/ja/product/バッグ-《ピコタン・ロック》-18-《ラッキー・デイジー》-H083546CKAC/,
https://www.hermes.com/jp/ja/product/バッグ-《ピコタン・ロック》-18-H073597CCD0/,
https://www.hermes.com/jp/ja/product/バッグ-《ピコタン・ロック》-18-H073597CC3I/,
https://www.hermes.com/jp/ja/product/バッグ-《ピコタン・ロック》-18-H073597CC73/,
https://www.hermes.com/jp/ja/product/バッグ-《ピコタン・ロック》-18-H073597CC5R/,
https://www.hermes.com/jp/ja/product/バッグ-《ピコタン・ロック》-18-H073597CCI7/,
https://www.hermes.com/jp/ja/product/バッグ-《ピコタン・ロック》-18-H073597CCO6/,
https://www.hermes.com/jp/ja/product/バッグ-《ピコタン・ロック》-18-H073597CCS3/,
https://www.hermes.com/jp/ja/product/バッグ-《ピコタン・ロック》-18-H073597CCN5/,
https://www.hermes.com/jp/ja/product/バッグ-《ピコタン・ロック》-18-H073597CC71/,
https://www.hermes.com/jp/ja/product/バッグ-《ピコタン・ロック》-18-H073597CCO8/,
https://www.hermes.com/jp/ja/product/バッグ-《ピコタン・ロック》-18-H073597CCP9/,
https://www.hermes.com/jp/ja/product/バッグ-《ピコタン・ロック》-18-H073597CCS4/,
https://www.hermes.com/jp/ja/product/バッグ-《ピコタン・ロック》-18-H073597CKD0/,
https://www.hermes.com/jp/ja/product/バッグ-《ピコタン・ロック》-18-H073597CK3I/,
https://www.hermes.com/jp/ja/product/バッグ-《ピコタン・ロック》-18-H073597CK73/,
https://www.hermes.com/jp/ja/product/バッグ-《ピコタン・ロック》-18-H073597CK5R/,
https://www.hermes.com/jp/ja/product/バッグ-《ピコタン・ロック》-18-H073597CC73/,
https://www.hermes.com/jp/ja/product/バッグ-《ピコタン・ロック》-18-H073597CKI7/,
https://www.hermes.com/jp/ja/product/バッグ-《ピコタン・ロック》-18-H073597CKO6/,
https://www.hermes.com/jp/ja/product/バッグ-《ピコタン・ロック》-18-H073597CKS3/,
https://www.hermes.com/jp/ja/product/バッグ-《ピコタン・ロック》-18-H073597CKS4/,
https://www.hermes.com/jp/ja/product/バッグ-《ピコタン・ロック》-18-H073597CK71/,
https://www.hermes.com/jp/ja/product/バッグ-《ピコタン・ロック》-18-H073597CKN5/,
https://www.hermes.com/jp/ja/product/バッグ-《ピコタン・ロック》-18-H073597CKP9/,
https://www.hermes.com/jp/ja/product/バッグ-《ピコタン・ロック》-18-H073597CKO8/,
https://www.hermes.com/jp/ja/product/バッグ-《ピコタン・ロック》-18-タッチ-H073582CCAB/,
https://www.hermes.com/jp/ja/product/バッグ-《ピコタン・ロック》-18-タッチ-H073582CCAW/,
https://www.hermes.com/jp/ja/product/バッグ-《ピコタン・ロック》-18-タッチ-H073582CCAM/,
https://www.hermes.com/jp/ja/product/バッグ-《ピコタン・ロック》-18-H073597CK73/,
https://www.hermes.com/jp/ja/product/バッグ-《ピコタン・ロック》-18-タッチ-H073582CKAB/,
https://www.hermes.com/jp/ja/product/バッグ-《ピコタン・ロック》-18-タッチ-H073582CKAW/,
https://www.hermes.com/jp/ja/product/バッグ-《ピコタン・ロック》-18-タッチ-H073582CKAM/,
https://www.hermes.com/jp/ja/product/バッグ-《ピコタン・ロック》-22-H073598CKO8/,
https://www.hermes.com/jp/ja/product/バッグ-《ピコタン・ロック》-22-H073598CKN5/,
https://www.hermes.com/jp/ja/product/バッグ-《ピコタン・ロック》-22-H073598CKD0/,
https://www.hermes.com/jp/ja/product/バッグ-《ピコタン・ロック》-22-H073598CK31/,
https://www.hermes.com/jp/ja/product/バッグ-《ピコタン・ロック》-22-H073598CKO6/,
https://www.hermes.com/jp/ja/product/バッグ-《ピコタン・ロック》-22-H073598CK71/,
https://www.hermes.com/jp/ja/product/バッグ-《ピコタン・ロック》-22-H073598CK73/,
https://www.hermes.com/jp/ja/product/バッグ-《ピコタン・ロック》-22-H073598CK88/,
https://www.hermes.com/jp/ja/product/バッグ-《ピコタン・ロック》-18-H076293CKAE/,
https://www.hermes.com/jp/ja/product/バッグ-《ピコタン・ロック》-18-H076293CKAK/,
https://www.hermes.com/jp/ja/product/バッグ-《ピコタン・ロック》-18-H076293CKAJ/,
https://www.hermes.com/jp/ja/product/バッグ-《ピコタン・ロック》-18-H076293CKE5/,
https://www.hermes.com/jp/ja/product/バッグ-《ピコタン・ロック》-18-H076293CK5C/,
https://www.hermes.com/jp/ja/product/バッグ-《ピコタン・ロック》-18-H076293CK35/,
https://www.hermes.com/jp/ja/product/バッグ-《ピコタン・ロック》-18-H076293CKAB/,
https://www.hermes.com/jp/ja/product/バッグ-《ピコタン・ロック》-18-H076293CKAF/,
https://www.hermes.com/jp/ja/product/バッグ-《ピコタン・ロック》-18-H076293CKAA/,
https://www.hermes.com/jp/ja/product/バッグ-《ピコタン・ロック》-18-H076293CKAG/,
https://www.hermes.com/jp/ja/product/バッグ-《ピコタン・ロック》-22-カザック-H082380CCAH/,
https://www.hermes.com/jp/ja/product/バッグ-《ピコタン・ロック》-22-カザック-H082380CCAI/,
https://www.hermes.com/jp/ja/product/バッグ-《ピコタン・ロック》-18-H076293CKAF/,
https://www.hermes.com/jp/ja/product/バッグ-《ピコタン・ロック》-22-カザック-H082380CCAJ/,
https://www.hermes.com/jp/ja/product/バッグ-《ピコタン・ロック》-22-カザック-H082380CKAI/,
https://www.hermes.com/jp/ja/product/バッグ-《ピコタン・ロック》-22-カザック-H082380CKAH/,
https://www.hermes.com/jp/ja/product/バッグ-《ピコタン・ロック》-22-カザック-H082380CKAJ/,
https://www.hermes.com/jp/ja/product/バッグ-《ピコタン・ロック》-18-カザック-H064427CCAM/,
https://www.hermes.com/jp/ja/product/バッグ-《ピコタン・ロック》-18-カザック-H064427CCAD/,
https://www.hermes.com/jp/ja/product/バッグ-《ピコタン・ロック》-18-カザック-H064427CCAO/,
https://www.hermes.com/jp/ja/product/バッグ-《ピコタン・ロック》-18-カザック-H064427CCAF/,
https://www.hermes.com/jp/ja/product/バッグ-《ピコタン・ロック》-18-カザック-H064427CCAP/,
https://www.hermes.com/jp/ja/product/バッグ-《ピコタン・ロック》-18-カザック-H064427CCAH/,
https://www.hermes.com/jp/ja/product/バッグ-《ピコタン・ロック》-18-カザック-H064427CKAM/,
https://www.hermes.com/jp/ja/product/バッグ-《ピコタン・ロック》-18-カザック-H064427CKAD/,
https://www.hermes.com/jp/ja/product/バッグ-《ピコタン・ロック》-18-カザック-H064427CKAO/,
https://www.hermes.com/jp/ja/product/バッグ-《ピコタン・ロック》-18-カザック-H064427CKAF/,
https://www.hermes.com/jp/ja/product/バッグ-《ピコタン・ロック》-18-カザック-H064427CKAP/,
https://www.hermes.com/jp/ja/product/バッグ-《ピコタン・ロック》-18-カザック-H064427CKAH/,
https://www.hermes.com/jp/ja/product/バッグ-《ピコタン・ロック》-18-カザック-H082321CCAM/,
https://www.hermes.com/jp/ja/product/バッグ-《ピコタン・ロック》-18-カザック-H082321CCAD/,
https://www.hermes.com/jp/ja/product/バッグ-《ピコタン・ロック》-18-カザック-H082321CCAO/,
https://www.hermes.com/jp/ja/product/バッグ-《ピコタン・ロック》-18-カザック-H082321CCAF/,
https://www.hermes.com/jp/ja/product/バッグ-《ピコタン・ロック》-18-カザック-H082321CCAP/,
https://www.hermes.com/jp/ja/product/バッグ-《ピコタン・ロック》-18-カザック-H082321CCAH/,
https://www.hermes.com/jp/ja/product/バッグ-《ピコタン・ロック》-18-カザック-H082321CKAM/,
https://www.hermes.com/jp/ja/product/バッグ-《ピコタン・ロック》-18-カザック-H082321CKAD/,
https://www.hermes.com/jp/ja/product/バッグ-《ピコタン・ロック》-18-カザック-H082321CKAO/,
https://www.hermes.com/jp/ja/product/バッグ-《ピコタン・ロック》-18-カザック-H082321CKAF/,
https://www.hermes.com/jp/ja/product/バッグ-《ピコタン・ロック》-18-カザック-H082321CKAP/,
https://www.hermes.com/jp/ja/product/バッグ-《ピコタン・ロック》-18-カザック-H082321CKAH/,
https://www.hermes.com/jp/ja/product/バッグ-《ピコタン・ロック》-18-エクラ-H069560CCBK/,
https://www.hermes.com/jp/ja/product/バッグ-《ピコタン・ロック》-18-エクラ-H069560CCBI/,
https://www.hermes.com/jp/ja/product/バッグ-《ピコタン・ロック》-18-エクラ-H069560CCBL/,
https://www.hermes.com/jp/ja/product/バッグ-《ピコタン・ロック》-18-エクラ-H069560CKBK/,
https://www.hermes.com/jp/ja/product/バッグ-《ピコタン・ロック》-18-エクラ-H069560CKBI/,
https://www.hermes.com/jp/ja/product/バッグ-《ピコタン・ロック》-18-エクラ-H069560CKBL/,
https://www.hermes.com/jp/ja/product/バッグ-《ピコタン・ロック》-ミクロ-《ラッキー・デイジー》-H083697CKAB/,
https://www.hermes.com/jp/ja/product/バッグ-《ピコタン・ロック》-ミクロ-《ラッキー・デイジー》-H083697CKAA/,
https://www.hermes.com/jp/ja/product/バッグ-《ピコタン・ロック》-ミクロ-《ラッキー・デイジー》-H083697CKAD/,
https://www.hermes.com/jp/ja/product/バッグ-《ピコタン・ロック》-18-H083567CCD0/,
https://www.hermes.com/jp/ja/product/バッグ-《ピコタン・ロック》-18-H083567CC3I/,
https://www.hermes.com/jp/ja/product/バッグ-《ピコタン・ロック》-18-H083567CC73/,
https://www.hermes.com/jp/ja/product/バッグ-《ピコタン・ロック》-18-H083567CC5R/,
https://www.hermes.com/jp/ja/product/バッグ-《ピコタン・ロック》-18-H083567CCI7/,
https://www.hermes.com/jp/ja/product/バッグ-《ピコタン・ロック》-18-H083567CCO6/,
https://www.hermes.com/jp/ja/product/バッグ-《ピコタン・ロック》-18-H083567CCS3/,
https://www.hermes.com/jp/ja/product/バッグ-《ピコタン・ロック》-18-H083567CCS4/,
https://www.hermes.com/jp/ja/product/バッグ-《ピコタン・ロック》-18-H083567CCN5/,
https://www.hermes.com/jp/ja/product/バッグ-《ピコタン・ロック》-18-H083567CC71/,
https://www.hermes.com/jp/ja/product/バッグ-《ピコタン・ロック》-18-H083567CCO8/,
https://www.hermes.com/jp/ja/product/バッグ-《ピコタン・ロック》-18-H083567CC73/,
https://www.hermes.com/jp/ja/product/バッグ-《ピコタン・ロック》-18-H083567CCP9/,
https://www.hermes.com/jp/ja/product/バッグ-《ピコタン・ロック》-18-H083567CKD0/,
https://www.hermes.com/jp/ja/product/バッグ-《ピコタン・ロック》-18-H083567CK3I/,
https://www.hermes.com/jp/ja/product/バッグ-《ピコタン・ロック》-18-H083567CKI7/,
https://www.hermes.com/jp/ja/product/バッグ-《ピコタン・ロック》-18-H083567CK73/,
https://www.hermes.com/jp/ja/product/バッグ-《ピコタン・ロック》-18-H083567CKO6/,
https://www.hermes.com/jp/ja/product/バッグ-《ピコタン・ロック》-18-H083567CK5R/,
https://www.hermes.com/jp/ja/product/バッグ-《ピコタン・ロック》-18-H083567CKS3/,
https://www.hermes.com/jp/ja/product/バッグ-《ピコタン・ロック》-18-H083567CKS4/,
https://www.hermes.com/jp/ja/product/バッグ-《ピコタン・ロック》-18-H083567CKN5/,
https://www.hermes.com/jp/ja/product/バッグ-《ピコタン・ロック》-18-H083567CK71/,
https://www.hermes.com/jp/ja/product/バッグ-《ピコタン・ロック》-18-H083567CKO8/,
https://www.hermes.com/jp/ja/product/バッグ-《ピコタン・ロック》-18-H083567CK73/,
https://www.hermes.com/jp/ja/product/バッグ-《ピコタン・ロック》-18-H083567CKP9/,
https://www.hermes.com/jp/ja/product/バッグ-《ピコタン・ロック》-18-モノクローム-H079194CA89/,
https://www.hermes.com/jp/ja/product/バッグ-《ピコタン・ロック》-18-モノクローム-H079194CA1K/,
https://www.hermes.com/jp/ja/product/バッグ-《ピコタン・ロック》-18-モノクローム-H079194CA0D/,
https://www.hermes.com/jp/ja/product/バッグ-《ピコタン・ロック》-18-H082390CKAK/,
https://www.hermes.com/jp/ja/product/バッグ-《ピコタン・ロック》-18-H082390CKAE/,
https://www.hermes.com/jp/ja/product/バッグ-《ピコタン・ロック》-18-H082390CKAJ/,
https://www.hermes.com/jp/ja/product/バッグ-《ピコタン・ロック》-18-H082390CKE5/,
https://www.hermes.com/jp/ja/product/バッグ-《ピコタン・ロック》-18-H082390CK5C/,
https://www.hermes.com/jp/ja/product/バッグ-《ピコタン・ロック》-18-H082390CK35/,
https://www.hermes.com/jp/ja/product/バッグ-《ピコタン・ロック》-18-H082390CKAB/,
https://www.hermes.com/jp/ja/product/バッグ-《ピコタン・ロック》-18-H082390CKAF/,
https://www.hermes.com/jp/ja/product/バッグ-《ピコタン・ロック》-18-H082390CKAA/,
https://www.hermes.com/jp/ja/product/バッグ-《ピコタン・ロック》-18-H082390CKAG/,
https://www.hermes.com/jp/ja/product/バッグ-《ピコタン・ロック》-18-H082390CKAF/,
https://www.hermes.com/jp/ja/product/バッグ-《ピコタン・ロック》-22-H069564CC89/,
https://www.hermes.com/jp/ja/product/バッグ-《ピコタン・ロック》-22-H069564CC74/,
https://www.hermes.com/jp/ja/product/バッグ-《ピコタン・ロック》-22-H069564CK89/,
https://www.hermes.com/jp/ja/product/バッグ-《ピコタン・ロック》-26-H060992CK89/,
https://www.hermes.com/jp/ja/product/バッグ-《ピコタン・ロック》-22-モノクローム-H079209CA89/,
https://www.hermes.com/jp/ja/product/バッグ-《ピコタン・ロック》-22-H069564CK74/,
https://www.hermes.com/jp/ja/product/バッグ-《ピコタン・ロック》-22-モノクローム-H079209CA1K/,
https://www.hermes.com/jp/ja/product/バッグ-《ピコタン・ロック》-22-モノクローム-H079209CA0D/,
https://www.hermes.com/jp/ja/product/バッグ-《ピコタン・ロック》-22-H082444CKAB/,
https://www.hermes.com/jp/ja/product/バッグ-《ピコタン・ロック》-22-H082444CKAW/,
https://www.hermes.com/jp/ja/product/バッグ-《ピコタン・ロック》-22-H082444CKAM/,
https://www.hermes.com/jp/ja/product/バッグ-《ピコタン・ロック》-22-H082444CKAD/,
https://www.hermes.com/jp/ja/product/バッグ-《ピコタン・ロック》-22-H082444CKAE/,
https://www.hermes.com/jp/ja/product/バッグ-《ピコタン・ロック》-18-H069563CKAK/,
https://www.hermes.com/jp/ja/product/バッグ-《ピコタン・ロック》-18-H069563CKAE/,
https://www.hermes.com/jp/ja/product/バッグ-《ピコタン・ロック》-18-H069563CKAJ/,
https://www.hermes.com/jp/ja/product/バッグ-《ピコタン・ロック》-18-H069563CKE5/,
https://www.hermes.com/jp/ja/product/バッグ-《ピコタン・ロック》-18-H069563CK5C/,
https://www.hermes.com/jp/ja/product/バッグ-《ピコタン・ロック》-18-H069563CK35/,
https://www.hermes.com/jp/ja/product/バッグ-《ピコタン・ロック》-18-H069563CKAB/,
https://www.hermes.com/jp/ja/product/バッグ-《ピコタン・ロック》-18-H069563CKAF/,
https://www.hermes.com/jp/ja/product/バッグ-《ピコタン・ロック》-18-H069563CKAA/,
https://www.hermes.com/jp/ja/product/バッグ-《ピコタン・ロック》-18-H069563CKAG/,
https://www.hermes.com/jp/ja/product/バッグ-《ピコタン・ロック》-18-H069563CKAF/,
https://www.hermes.com/jp/ja/product/バッグ-《ピコタン・ロック》-22-タッチ-H073583CCAB/,
https://www.hermes.com/jp/ja/product/バッグ-《ピコタン・ロック》-22-タッチ-H073583CCAW/,
https://www.hermes.com/jp/ja/product/バッグ-《ピコタン・ロック》-22-タッチ-H073583CCAM/,
https://www.hermes.com/jp/ja/product/バッグ-《ピコタン・ロック》-22-エクラ-H069561CKAX/,
https://www.hermes.com/jp/ja/product/バッグ-《ピコタン・ロック》-22-エクラ-H069561CKAH/,
https://www.hermes.com/jp/ja/product/バッグ-《ピコタン・ロック》-22-エクラ-H069561CKAJ/,
